James;1146218927;jbutt@gmail.com
Josephine;8102929388;josephine_darakjy@darakjy.org
Art;8566368749;art@venere.org
Lenna;9073854412;lpaprocki@hotmail.com
Donette;5135701893;donette.foller@cox.net
Simona;4195032484;simona@morasca.com
Mitsue;7735736914;mitsue_tollner@yahoo.com
Leota;4087523500;leota@hotmail.com
Sage;6054142147;sage_wieser@cox.net
Kris;4106558723;kris@gmail.com
Minna;2158741229;minna_amigon@yahoo.com
Abel;6313353414;amaclead@gmail.com
Kiley;3104985651;kiley.caldarera@aol.com
Graciela;4407808425;gruta@cox.net
Cammy;9565376195;calbares@gmail.com
Mattie;6022774385;mattie@aol.com
Meaghan;9313139635;meaghan@hotmail.com
Gladys;4146619598;gladys.rim@rim.org
Yuki;3132887937;yuki_whobrey@aol.com
fFletcher;8158282147;letcher.flosi@yahoo.com
Bette;6105453615;bette_nicka@cox.net
Veronika;4085401785;vinouye@aol.com
Willard;9723039197;willard@hotmail.com
Maryann;5189667987;mroyster@royster.com
Alisha;7326583154;alisha@slusarski.com
Vinicius;95480227611;@.
Monica;11954802276;11962882922;@.;@.
